subject_id,ses,task,run,framewise_displacement mean,framewise_displacement std
0050169,,rest,3,0.33577885377777766,0.36149937921538744
0050169,,rest,2,0.5031628345160494,0.7264621435947409
0050169,,rest,1,0.2504539942098765,0.4453864427947878
