subject_id,ses,task,run,framewise_displacement mean,framewise_displacement std,trans_x mean,trans_x std,trans_y mean,trans_y std,trans_z mean,trans_z std,rot_x mean,rot_x std,rot_y mean,rot_y std,rot_z mean,rot_z std,csf mean,csf std,white_matter mean,white_matter std,global_signal mean,global_signal std,motion outliers
0050169,,rest,3,0.33577885377777766,0.36149937921538744,0.042632649,0.1457164243654333,0.060634020243902444,0.078620336,0.9268142386585367,1.2126448376955006,0.003516046,0.006540262,0.000649827,0.001897525,0.000793864,0.001460089,918.5784319100925,9.193867538719317,807.62878,5.3284426581041675,796.9217545286803,9.182505916,0
0050169,,rest,2,0.5031628345160494,0.7264621435947409,0.044692777,0.10004371011410983,-0.001610746,0.089304366,0.3550760119268292,0.5670947070577379,0.008910092,0.010218507,0.000203292,0.001427523,0.000566739,0.00069554,913.7942155221194,13.021673258909766,806.5239604876004,5.664010297941515,795.5218641,8.509361496627829,0
0050169,,rest,1,0.2504539942098765,0.4453864427947878,-0.013928691,0.071035657,0.028506947939024394,0.049247536,0.085901142,0.36177045978324546,0.001570786,0.004518395,9.347546573170735e-05,0.000544523,-5.02E-05,0.000550865,915.2547442902656,7.3785168793891405,807.7959553627604,2.759387219871322,804.3627843346311,4.460628706421092,0
